"item_id","mae","acf1","rmse"
"FOODS_3_001",0.533008703786272,0.00748280339014105,0.847231504847216
"FOODS_3_002",1.04617973898623,0.213769003304002,1.29307482356053
"FOODS_3_003",0.724548652308092,-0.0883726102204593,1.02600398717273
"FOODS_3_004",0.227895713695023,-0.00165742399673645,0.391569426138509
"FOODS_3_005",1.39473573584569,0.10696192499303,1.7584238085332
"FOODS_3_006",1.13971191627935,-0.170246384448195,1.64205153486252
"FOODS_3_007",4.94460965171209,-0.0431328139199261,6.50343428182892
"FOODS_3_008",5.9352295820154,0.795670277948929,9.85790519687515
"FOODS_3_009",0.821630737923265,0.24716573855203,1.12609765274225
"FOODS_3_010",0.762536404340832,-0.212479414416663,0.999754127471741
"FOODS_3_011",0.745740522243162,-0.0207420930314443,0.965247155074944
"FOODS_3_012",0.663782871138794,-0.04384180818644,0.780219499535144
"FOODS_3_013",0.855892097898143,-0.446195534463312,1.0454896012639
"FOODS_3_014",0.932411927270212,0.0772822945863791,1.06271823120318
"FOODS_3_015",1.97299852473876,0.275392785605778,3.42404838166038
"FOODS_3_016",0.677302659120461,0.0325529446424371,1.02059488178175
"FOODS_3_017",0.264385342891757,-0.0453431474166216,0.433607053273004
"FOODS_3_018",1.03435206338979,-0.212969882341115,1.58589481991648
"FOODS_3_019",0.590906744940735,-0.201304572805234,0.792054851235675
"FOODS_3_020",1.6061700586884,0.121474032772999,2.33725693443487
"FOODS_3_021",1.34581167310901,0.193098802858403,1.80460368459726
"FOODS_3_022",0.110980544276027,0.10856433166681,0.112394776213999
"FOODS_3_023",0.833075190439202,-0.0139360738306986,1.0084627019447
"FOODS_3_024",1.06575059200594,0.189324924072752,1.08613918903898
"FOODS_3_025",1.20298670318546,-0.0507130819934079,1.82019680674835
"FOODS_3_026",0.852194038173314,0.144233906760359,1.07775041495725
"FOODS_3_027",0.529459202383809,-0.259026054858346,0.710595469051625
"FOODS_3_028",0.757319883542681,-0.00564008238994914,0.919153879160128
"FOODS_3_029",1.62751752842056,0.00330761978062343,2.15781736982249
"FOODS_3_030",9.12893062410956,-0.236894671397467,11.037810047781
"FOODS_3_031",0.538781650538036,-0.31238356289994,0.75264434770015
"FOODS_3_032",0.927256908479625,-0.263371940730649,1.27273906745298
"FOODS_3_033",0.582078663503434,0.0508973464653578,0.740520450965516
"FOODS_3_034",0.674311984556062,-0.125959653171043,0.825523939924342
"FOODS_3_035",0.740632587172364,-0.146471104694785,0.86351589356381
"FOODS_3_036",0.357478417617211,0.032056287822231,0.534955786193665
"FOODS_3_037",1.00071781635435,-0.157799756931924,1.37004336971724
"FOODS_3_038",0.175091850069091,-0.115794858835862,0.312319362554502
"FOODS_3_039",2.65974566674704,0.0503619231046625,3.30041682383798
"FOODS_3_040",0.373484280440909,0.0957132763372844,0.531196377129147
"FOODS_3_041",1.53574177085848,-0.0624703460876035,2.14370319819097
"FOODS_3_042",2.00264129639516,0.298236084023166,2.34711389485694
"FOODS_3_043",0.370544984759417,-0.314535791925118,0.541881013745969
"FOODS_3_044",0.577767004588739,0.161362747202577,0.78522798036963
"FOODS_3_045",0.498647264776638,-0.187640016057878,0.61579743984288
"FOODS_3_046",0.302873805084521,-0.0841635812377183,0.4331161657621
"FOODS_3_047",2.20417496088835,0.136094661694547,2.8049694648985
"FOODS_3_048",0.857436449377722,0.0932306980557383,1.13661897897474
"FOODS_3_049",0.64281222233179,0.00866066765040973,0.915311778108057
"FOODS_3_050",0.567884598223434,-0.303195493888535,0.681570373886103
"FOODS_3_051",1.55109517913934,0.359599717416461,2.41232205645018
"FOODS_3_053",0.634619152434982,-0.27244106879902,0.783572425576163
"FOODS_3_054",1.00096171043453,0.244195900315028,1.16533171796185
"FOODS_3_055",0.764854915897103,-0.14514848652582,0.958983083018112
"FOODS_3_056",0.45734511408943,-0.0250669013864236,0.514833422205691
"FOODS_3_057",0.213915269469543,-0.0339617265897341,0.274377286186362
"FOODS_3_058",0.970847070645129,0.296690052514204,1.28251009153051
"FOODS_3_059",1.75445149637893,-0.144427907535183,1.89427304244296
"FOODS_3_060",1.41974442820824,0.0360548901259681,1.74973470480509
"FOODS_3_061",0.402546234921718,-0.15070320136909,0.657278441022385
"FOODS_3_062",0.398193932034459,0.23672864075539,0.423274150419247
"FOODS_3_063",0.845221502614838,-0.00520025897956631,0.930071305095605
"FOODS_3_064",4.21588441681721,0.0921201516120241,6.28985464847679
"FOODS_3_065",0.643871927033968,-0.0357856600697768,0.756477120322563
"FOODS_3_066",1.58142688347423,0.269595466423754,1.98346139767773
"FOODS_3_067",0.799232559503199,0.144511561159021,1.05290388773257
"FOODS_3_068",0.37239418203899,0.247496798032683,0.60387220849933
"FOODS_3_069",1.01540850098061,0.204730924357062,1.58312922368228
"FOODS_3_070",6.61731542710353,-0.0792015645049751,13.839096073912
"FOODS_3_071",2.09809119169411,0.3069639347038,2.58463891348056
"FOODS_3_072",1.35137425841771,-0.150467606789234,1.95377791957704
"FOODS_3_073",0.404162894968553,0.577775852019603,0.404559009200973
"FOODS_3_074",1.45666426904649,-0.072190342422333,1.70839543132643
"FOODS_3_075",0.488348909660551,-0.212584536810906,0.663123162733964
"FOODS_3_076",2.6243312850744,0.265731804877136,3.40028529203915
"FOODS_3_077",2.69079203729381,0.510001074759536,3.22022427876301
"FOODS_3_078",0.37946792407406,0.00968574380781454,0.555130849254136
"FOODS_3_079",1.44856715724909,0.0115501049939003,1.83110243371728
"FOODS_3_080",2.89787165668077,-0.205643021653801,3.59564686209096
"FOODS_3_081",0.747842576313409,-0.07940189466256,1.55272333826504
"FOODS_3_082",0.359647897923832,0.0140450631388935,0.37118114296006
"FOODS_3_083",0.962841088980218,-0.10440081827583,1.36021004636021
"FOODS_3_084",0.766784714572892,0.137443696199278,0.912670746643478
"FOODS_3_085",0.889253305258249,-0.0957581784965907,1.17408047861929
"FOODS_3_086",5.10146590196398,-0.0366834866286559,5.95710402501098
"FOODS_3_087",1.88404031233488,0.0687722866963907,2.56164249013782
"FOODS_3_088",0.253968041379536,-0.197291489109279,0.515917325354903
"FOODS_3_089",1.13024153925039,0.597382257964293,1.48535532018866
"FOODS_3_090",26.684598960485,0.466838792638012,32.8303447644147
"FOODS_3_091",0.649607279228979,-0.0307879771556619,0.771364165772947
"FOODS_3_092",0.608059928461633,0.443317578465579,0.641922243743238
"FOODS_3_093",2.14233969846699,-0.058257538840397,2.43108258294422
"FOODS_3_094",0.951804978975672,-0.330718948444529,1.13751694846693
"FOODS_3_095",0.464284044560258,-0.212737077846233,0.541607903153237
"FOODS_3_096",0.829515660410658,-0.216443174557406,1.15438653892274
"FOODS_3_097",1.62367034232301,0.425188648232092,1.89347181084639
"FOODS_3_098",0.815587238946167,0.0509420115375305,0.954113815836567
"FOODS_3_099",5.87188218908167,-0.0682132971817929,6.47391698140776
"FOODS_3_100",1.21119552122845,0.0086987524535769,1.33292929565132
"FOODS_3_101",2.0013370035648,0.212687153409455,2.43217918131485
"FOODS_3_102",0.715962533482352,-0.292072006390474,0.817557018713077
"FOODS_3_103",0.723730701698191,0.0744958451545073,0.852900570874163
"FOODS_3_104",0.704288747633157,0.0840196180818102,0.88312388799748
"FOODS_3_105",0.617248908566588,0.026460125528625,0.819563850749807
"FOODS_3_106",1.36663423939496,-0.309161532577164,2.19459787781701
"FOODS_3_107",1.30726971216973,-0.244983429805182,1.7195746689908
"FOODS_3_108",1.13677726310965,0.0880946882831483,1.68269571086191
"FOODS_3_109",6.86733766593464,0.587114742962395,8.01625448345119
"FOODS_3_110",0.591980924893316,0.319286731763818,0.924926818383924
"FOODS_3_111",0.528416945237938,-0.366729232837144,0.646236250259358
"FOODS_3_112",1.4051403374287,0.184166204627217,1.89166719179478
"FOODS_3_113",1.29521683977438,0.0315008226659633,1.69714080838169
"FOODS_3_114",0.896841561032313,-0.0460777484639806,1.14266163116163
"FOODS_3_115",0.997511166259337,0.19114362344004,1.20650313494128
"FOODS_3_116",1.30417556522116,-0.0801092604104621,1.63786962254491
"FOODS_3_117",3.86815241310328,-0.239662735545837,5.20563310485288
"FOODS_3_118",1.79932094976446,-0.0912843559215827,2.16231334472336
"FOODS_3_119",0.691101781085841,-0.141416121985948,0.837583558491725
"FOODS_3_120",9.53649850106918,-0.0862195203784997,12.8461787649674
"FOODS_3_121",1.06038330753579,0.154403934829196,1.30510808217707
"FOODS_3_122",1.07661285779439,-0.044258986791521,1.29120954083783
"FOODS_3_123",0.367765849702812,0.0587555480270884,0.611141967693515
"FOODS_3_124",2.46675936167033,0.0197541189095035,3.45616422344134
"FOODS_3_125",1.02072720782664,0.269366759923764,1.4707809600905
"FOODS_3_126",1.69402321190092,-0.134388583100628,2.26958921152094
"FOODS_3_127",1.01538380744566,0.0726446130950557,1.44030026097857
"FOODS_3_128",0.700450732110331,-0.375371711698942,0.856881846041081
"FOODS_3_129",0.857549277154756,-0.072632052980513,1.1495313798076
"FOODS_3_130",0.962788191836446,0.0243379312814565,1.32342897878558
"FOODS_3_131",0.905417375049907,-0.141911661541653,1.11927147679846
"FOODS_3_132",1.2774526565965,-0.406463875302544,1.6184494851861
"FOODS_3_133",2.66010003683362,-0.0717899295660933,3.48412595018053
"FOODS_3_134",1.46716173234468,-0.174639964928199,1.64250399480694
"FOODS_3_135",3.15155184827806,0.0738044484280495,3.9413322607278
"FOODS_3_136",4.04394789659325,-0.0751554797681672,5.86491133793463
"FOODS_3_137",0.490205161257477,0.189782994714791,0.713671560730954
"FOODS_3_138",1.86241892341012,-0.234766934020533,2.74281654539508
"FOODS_3_139",0.773428843061563,0.019513448272086,0.954433650436312
"FOODS_3_140",0.871792740120963,-0.116273176938838,1.15460891998749
"FOODS_3_141",0.515356799503789,0.00844693669308042,0.567138238479985
"FOODS_3_142",0.415130608471142,-0.35684167609691,0.545767161949433
"FOODS_3_143",0.840646156890437,0.0664167036211846,1.19386580092756
"FOODS_3_144",1.23546970159227,0.323866104657239,1.56161332516459
"FOODS_3_145",0.29167979808144,-0.0656318862704715,0.42845015545177
"FOODS_3_146",1.46539264383002,-0.378500441271134,2.03980838952153
"FOODS_3_147",2.78707977777893,0.5905675541237,4.1656137162264
"FOODS_3_148",1.01592881977728,0.000329241175417247,1.19354049208381
"FOODS_3_149",0.567142106160022,-0.0427783556036992,1.4895035438299
"FOODS_3_150",8.00206155199735,-0.1327083695886,9.23543874848214
"FOODS_3_151",2.57963155511671,0.119194029039122,3.34484686916377
"FOODS_3_152",2.12305125517904,0.0251395710252558,2.5767482043674
"FOODS_3_153",0.865689675429596,-0.434053501720197,1.1629708545394
"FOODS_3_154",4.38417969364015,0.225677338435926,5.07291410458949
"FOODS_3_155",0.474871469406851,-0.116194078873788,0.493207051241037
"FOODS_3_156",1.13619390143405,0.0178597426963227,1.42028296696099
"FOODS_3_157",1.01737263664157,-0.212167829605165,1.30825942397326
"FOODS_3_158",0.385940538990061,-0.240128813437798,0.508821752215858
"FOODS_3_159",0.655995373824975,-0.185397303438512,0.864319706430443
"FOODS_3_160",0.335980481169436,-0.030888632647097,0.449654856693859
"FOODS_3_161",0.275498131544117,-0.120925859279137,0.35340017817691
"FOODS_3_162",0.335504127840481,0.394357635538859,0.341669945250021
"FOODS_3_163",1.24912546699515,-0.286022614868825,1.75988741879062
"FOODS_3_164",0.309517881310149,-0.233813072878919,0.532202553261825
"FOODS_3_165",0.187751235660793,0.263565257911285,0.449619231824285
"FOODS_3_166",1.31621052323795,-0.180501290265316,1.99112227125639
"FOODS_3_167",1.09652458889842,-0.0690463824606985,1.47391150649914
"FOODS_3_168",0.933634983838284,0.146364227194132,1.33591879863541
"FOODS_3_169",1.25794041367393,-0.23270156033365,1.657704826804
"FOODS_3_170",0.817042410503042,0.122661309868163,1.15359612828383
"FOODS_3_171",0.0531443489512024,-0.0345923058296727,0.186859307347138
"FOODS_3_172",1.50082452857761,0.155340552497706,1.83534779953995
"FOODS_3_173",0.398129716867272,0.0299681627160295,0.554683517362256
"FOODS_3_174",1.26038293978257,-0.172630738507705,1.72541587577806
"FOODS_3_175",0.248373914269663,-0.0725244246262191,0.434343165371001
"FOODS_3_176",1.2199060800512,-0.0464030420729529,1.82389293697403
"FOODS_3_177",0.399172375571143,-0.17593675247018,0.494370049269865
"FOODS_3_178",2.43392835498304,-0.24976308559643,2.83536301103522
"FOODS_3_179",0.380956309524757,0.45090141546044,0.406668428932317
"FOODS_3_180",0.216222309270911,0.0244555951491639,0.402752830693161
"FOODS_3_181",0.764165485747463,0.065376768326781,1.01483481024927
"FOODS_3_182",0.544108783667431,-0.126807972472128,0.664215903766925
"FOODS_3_183",1.4643056155153,0.135276409679847,1.8298216622754
"FOODS_3_184",0.82770015136345,-0.00583389798705702,1.14583448084877
"FOODS_3_185",3.14165666678071,0.121698307564732,4.33181312789379
"FOODS_3_186",0.574163622694042,-0.113626763545921,0.653038767114888
"FOODS_3_187",1.28314791041669,-0.255124251845621,1.96962830503207
"FOODS_3_188",0.400489993111906,-0.156738372081853,0.625345838841823
"FOODS_3_189",0.53592321386088,-0.0688293106377843,0.715128539515876
"FOODS_3_190",1.56670620069831,0.0138101093546444,2.33469962258493
"FOODS_3_191",1.018991271868,-0.0322025130521477,1.20415676160809
"FOODS_3_192",0.835617401015614,0.216933477738503,1.01111977000446
"FOODS_3_193",0.215156902347962,-0.139445279843359,0.304210652165445
"FOODS_3_194",0.58072372354337,-0.102133909611378,0.659690313192945
"FOODS_3_195",0.744886412870606,0.0856765111772471,0.751253720717371
"FOODS_3_196",0.870391289405534,0.038464266554727,1.41599981035305
"FOODS_3_197",0.387927616333111,-0.302916600668945,0.518840077589396
"FOODS_3_198",0.592649157925462,-0.208473275791058,0.901795099023001
"FOODS_3_199",0.50922901496794,0.0991404126711683,0.614953361343199
"FOODS_3_200",1.0070429341022,-0.2561034782949,1.47271876934364
"FOODS_3_201",1.29023418157163,-0.342994617836998,1.67533394438656
"FOODS_3_202",9.52643850510079,-0.239944140283015,10.871239320368
"FOODS_3_203",1.07845351928177,0.243320476869575,1.38851199346325
"FOODS_3_204",0.540126129156223,-0.274108569752929,0.936842870882713
"FOODS_3_205",1.32867719477861,0.616819994794325,1.71423303679629
"FOODS_3_206",0.823626300216512,-0.371936645134637,1.07338708958281
"FOODS_3_207",0.866163409700817,0.149843698310948,1.09224334482574
"FOODS_3_208",0.690688593815218,-0.0910752734217544,0.857967705693978
"FOODS_3_209",0.519762840116827,0.133551319595366,0.609747923181117
"FOODS_3_210",0.120951669642173,-0.0396691283702426,0.194067833212349
"FOODS_3_211",0.849380374351123,0.18935982570262,1.05969249415496
"FOODS_3_212",0.728919301106584,-0.0381989157154573,0.913082731969717
"FOODS_3_213",1.07285665044962,0.621587129889592,1.19199621859151
"FOODS_3_214",0.443871127064888,0.0301342701902977,0.447697818562182
"FOODS_3_215",1.3640426301704,0.132120255617377,1.76370869486419
"FOODS_3_216",0.257612560312327,-0.135876186019083,0.364784226894184
"FOODS_3_217",0.780409809918353,0.119457380657416,1.09435660227129
"FOODS_3_218",0.502300994858751,-0.0962518420621629,0.692406763025094
"FOODS_3_219",1.16678889672513,-0.163914139880154,1.78162544651245
"FOODS_3_220",0.142591302992316,-0.0709143302008056,0.415345601265012
"FOODS_3_221",0.479855233788465,-0.0858271230847933,0.67865061526723
"FOODS_3_222",0.576260266894949,-0.0602086235887165,0.702865247946889
"FOODS_3_223",0.452202233872267,-0.165221542706121,0.606289103843443
"FOODS_3_224",0.787988487116033,-0.108450784328942,1.01732280533547
"FOODS_3_225",0.772630235090424,0.145751137908441,0.89962249032269
"FOODS_3_226",4.6742531496992,0.292740836205141,5.74137770733132
"FOODS_3_227",7.06644294627152,0.284753878866734,8.67619702704279
"FOODS_3_228",2.45596454622172,-0.00325327511217775,2.85819802457083
"FOODS_3_229",0.700687772365968,-0.369524096228164,0.822564262642254
"FOODS_3_230",1.57988151991338,0.0937077045271262,2.06567277932104
"FOODS_3_231",1.46328756520156,0.102737517568231,1.8677567370263
"FOODS_3_232",0.998918625700263,0.0947679427987451,1.93295508519343
"FOODS_3_233",3.60903113931984,-0.201355339329437,4.68430945055516
"FOODS_3_234",9.14444043912353,0.458441655478208,13.5786410407776
"FOODS_3_235",0.394179117238463,0.051761864384207,0.468706833324727
"FOODS_3_236",1.4077026368701,-0.00159336282734262,1.78042677494147
"FOODS_3_237",1.31460160464871,0.135689815550782,1.52016166318426
"FOODS_3_238",2.00796539063286,-0.00989106633892351,2.94203499040382
"FOODS_3_239",1.10390851188651,-0.0559957365442155,1.73744885842125
"FOODS_3_240",0.709272896289992,0.0958871223629191,1.04240107101723
"FOODS_3_241",1.1647733484643,-0.173664052336879,1.42458508981921
"FOODS_3_242",0.577344377318045,-0.00849535999136296,0.64567093151506
"FOODS_3_243",1.20275794188017,-0.105954254166744,1.83502525554293
"FOODS_3_244",0.273205252269633,-0.175681428052003,0.471519720791913
"FOODS_3_245",2.9472644444488,-0.00981514854872913,3.59713069029619
"FOODS_3_246",0.828338167000339,-0.229011227734287,1.36712800380656
"FOODS_3_247",0.422366888305049,-0.125701042848105,0.555870082151532
"FOODS_3_248",0.84076989406898,-0.0168855075013407,0.987226106215812
"FOODS_3_249",1.69779493508949,0.135103159063033,2.53138817151472
"FOODS_3_250",1.20724478492328,-0.120666907944389,1.38574690935844
"FOODS_3_251",0.419829567401231,-0.0328938711291753,0.454319912127769
"FOODS_3_252",14.2145055566424,-0.00484074770220671,17.8316890491369
"FOODS_3_253",0.898762732595903,-0.0881793854152216,1.03317688056212
"FOODS_3_254",0.569637096329431,-0.200275393681841,0.86432733050138
"FOODS_3_255",0.903208923924437,0.0119010063394573,1.5162746438927
"FOODS_3_256",0.121892111536259,-0.0670207706394898,0.224810916813303
"FOODS_3_257",1.08582268576307,-0.0979033949106892,1.48142731423239
"FOODS_3_258",1.91834393959007,-0.238204211341853,2.56682324284474
"FOODS_3_259",1.646490355486,-0.156483514951699,2.00879950339537
"FOODS_3_260",0.128231420944823,-0.0704069386990331,0.417414980275906
"FOODS_3_261",1.18335451347229,-0.0679689735421985,1.43541573387878
"FOODS_3_262",0.530528408195341,-0.0113596105166388,0.87584269198533
"FOODS_3_263",3.86605304363632,-0.126876989294183,4.82923154430105
"FOODS_3_264",0.194698103698563,-0.0265154816984761,0.230722189929128
"FOODS_3_265",1.04045253622848,0.00740239233921045,1.31524864620317
"FOODS_3_266",0.252205805835445,-0.1432512901348,0.320140021389873
"FOODS_3_267",0.757126170267234,0.123852346283262,0.961305102050913
"FOODS_3_268",0.53338884442471,-0.018155407339072,0.688537880998237
"FOODS_3_269",0.762832230793109,-0.140523206829153,1.20032792135951
"FOODS_3_270",0.393352659553794,0.00148602939501872,0.739414102014796
"FOODS_3_271",1.03792503566441,0.278774594501574,1.08133742296358
"FOODS_3_272",0.576693095027212,-0.0967432842229358,0.701372511937851
"FOODS_3_273",0.573446238822337,-0.318663187257701,0.632417153445652
"FOODS_3_274",0.723966505645922,0.00646666372830126,0.849872454114636
"FOODS_3_275",1.1284366162188,0.0378516479336604,1.43930292956646
"FOODS_3_276",1.09515334989333,0.267903539683733,1.16027526335289
"FOODS_3_277",1.43932598148762,-0.063405008035732,1.80993208918449
"FOODS_3_278",1.90716665421932,-0.374311239988098,3.03247322493523
"FOODS_3_279",0.279832181915412,-0.115921154336927,0.441019607050823
"FOODS_3_280",0.461803590373553,0.170094355632474,0.572083400574177
"FOODS_3_281",2.71188704684757,0.254223456441406,3.67983991768505
"FOODS_3_282",4.29371296678596,0.251871617205441,5.3851900918429
"FOODS_3_283",0.667275609508555,0.0906141927766262,0.783365155497376
"FOODS_3_284",0.141979016489071,0.0646608579615301,0.150967473751606
"FOODS_3_285",1.07445503671211,-0.0658022772149603,1.29179457267074
"FOODS_3_286",0.607120680701846,-0.426573772943365,0.687159149547049
"FOODS_3_287",0.580496968147635,0.36341040046242,0.63713147235122
"FOODS_3_288",3.27292895362716,0.00760823706861866,3.93779668679781
"FOODS_3_289",0.417476525303725,-0.128494046863141,0.50845477640204
"FOODS_3_290",2.04620758144708,-0.0593409630044346,2.76019356410308
"FOODS_3_291",1.472241634618,0.321128186941266,1.78078954972354
"FOODS_3_292",2.47178923343963,-0.0724995912936767,3.26669565666056
"FOODS_3_293",0.475308023160772,-0.0755985154367326,0.792536170317144
"FOODS_3_294",0.449433471033293,0.311957278090067,0.468172366363257
"FOODS_3_295",3.09349378937654,-0.0389928785837907,4.09672665120509
"FOODS_3_296",1.1712147261028,0.141722701774094,1.74963916394076
"FOODS_3_297",0.5580957432423,-0.0668840626384472,0.784507164767801
"FOODS_3_298",0.411776497570557,-0.271259312500324,0.547133865776739
"FOODS_3_299",1.08375880676179,0.472077258831768,1.22961935206051
"FOODS_3_300",1.99677826344278,-0.195830625568823,2.45773825534468
"FOODS_3_301",0.799063269457356,-0.342442180596311,1.07563945829776
"FOODS_3_302",1.47979481954684,0.0805150668677901,1.78526026138254
"FOODS_3_303",0.686381508405026,-0.0344240269582,0.982234450639442
"FOODS_3_304",1.2276692418037,-0.152842414738001,1.48337838039073
"FOODS_3_305",1.06013724855032,0.0288863405341237,1.40395743209482
"FOODS_3_306",1.88557159506863,0.639280967447829,2.4565719525597
"FOODS_3_307",1.943709432612,-0.0271470544425739,2.55440022895485
"FOODS_3_308",1.20263520983114,0.0749010546503495,1.44625558682883
"FOODS_3_309",0.352398450287421,0.321858743590431,0.434260292436001
"FOODS_3_310",0.831398498340054,-0.0185833355414225,1.00559811826177
"FOODS_3_311",0.66190093951121,-0.092841324389629,0.785730511541169
"FOODS_3_312",0.467880049820857,-0.0856992589901644,0.626305788358431
"FOODS_3_313",4.72321935101853,0.502416050591487,6.44582813193584
"FOODS_3_314",0.374795023279732,0.148952130347554,0.417104699742467
"FOODS_3_315",0.186440437426566,-0.0321774801102684,0.267049112502379
"FOODS_3_316",0.457580596254415,-0.174590731367956,0.634330487199858
"FOODS_3_317",1.10486277199112,0.00167555164715203,1.60573853720943
"FOODS_3_318",6.89561107537055,-0.0877961313091399,8.18555868900265
"FOODS_3_319",4.05696942102057,0.672191015183611,4.25573707642561
"FOODS_3_320",0.648346348112791,0.0438349911629897,1.01745558848235
"FOODS_3_321",2.47342713650219,0.205716397718805,3.07539782244386
"FOODS_3_322",1.1770543107649,-0.150175803554972,1.55939745861751
"FOODS_3_323",0.494706916539256,0.118309744408539,0.555078168145489
"FOODS_3_324",3.54150439828275,-0.026955075217898,4.5945569982218
"FOODS_3_325",0.368501306419756,-0.0758560700355607,0.669945981392759
"FOODS_3_326",0.547429764931148,-0.111105650036923,0.584670374208848
"FOODS_3_327",2.04791166036718,-0.161395515049028,2.50269907947613
"FOODS_3_328",0.231396821607366,-0.158293676352893,0.341283973043275
"FOODS_3_329",3.77470569690584,-0.187024107813489,4.76028905286492
"FOODS_3_330",1.19978561834948,-0.0299364666680383,1.52943268135035
"FOODS_3_331",1.38183326422837,-0.113350831060951,2.10775680341506
"FOODS_3_332",1.86783438807976,0.0146898965085024,2.32702243767114
"FOODS_3_333",6.8114443240142,0.649101300155486,8.19257054098031
"FOODS_3_334",0.752654087747582,-0.0481754609549846,0.896968068184449
"FOODS_3_335",0.853882703272689,0.096246562587441,1.0744171323572
"FOODS_3_336",0.819612004970764,-0.0388978251684621,1.17743338595162
"FOODS_3_337",0.49083308863772,-0.218106957090351,0.787813506877562
"FOODS_3_338",0.219286143635099,-0.199558336359513,0.316269642419303
"FOODS_3_339",1.11090518161741,0.10174969875804,1.38107214818357
"FOODS_3_340",0.639437208955052,0.161405840443095,0.811103142807147
"FOODS_3_341",0.538218523850436,-0.1811662671183,0.621347564055223
"FOODS_3_342",2.29165030872963,-0.00168629635991832,2.64360386683656
"FOODS_3_343",0.213762660137722,0.416629557213929,0.353784694853131
"FOODS_3_344",1.08822796286388,0.178666369893233,1.39748363593679
"FOODS_3_345",0.327462243020286,-0.12314501633881,0.469728872238507
"FOODS_3_346",1.54431804819767,-0.0483652515742005,1.92175057319076
"FOODS_3_347",1.82632347836076,0.185332853083763,2.28898411515449
"FOODS_3_348",3.78041749170078,-0.133817670285345,4.98633809660124
"FOODS_3_349",4.57122282856628,0.245441661457123,5.54271085654841
"FOODS_3_350",0.338348305858933,0.396321157893613,0.598762903651392
"FOODS_3_351",1.79566697914287,-0.0712514706911884,2.33777276544613
"FOODS_3_352",0.521906395530737,-0.043756124166574,0.699068352326148
"FOODS_3_353",0.524809594486183,0.134846786491893,0.860833577937959
"FOODS_3_354",0.652555289306284,0.251404263408878,0.841898237030884
"FOODS_3_355",1.12523208840013,0.129217968644336,1.32698500269454
"FOODS_3_356",0.963764822555925,0.0994311569867612,1.42813388880422
"FOODS_3_357",0.506110657850879,-0.068928344956438,0.558182891394896
"FOODS_3_358",0.339072670696172,-0.255541931486512,0.624439450258591
"FOODS_3_359",0.240513500774266,0.31498780448911,0.395828988915382
"FOODS_3_360",0.907717957126421,0.144254988501164,1.2535696414275
"FOODS_3_361",1.2714497229521,0.184240141103314,1.49040156739078
"FOODS_3_362",3.99198567367877,0.7823271219036,5.39443270600689
"FOODS_3_363",2.53903389010671,0.628569569555313,3.35358154344737
"FOODS_3_364",0.310415587286393,0.513604166875794,0.494972260082384
"FOODS_3_365",0.56176479944111,0.0728594114799899,0.940863769354956
"FOODS_3_366",0.499504345758918,-0.0142216465222695,0.667797896910659
"FOODS_3_367",1.20804709549054,0.176668307867455,1.3769998192908
"FOODS_3_368",2.21733467563615,-0.0973843849766478,2.80052709178986
"FOODS_3_369",0.859877039261221,0.121199693758154,1.11381952699174
"FOODS_3_370",3.75816020422717,-0.0129960290679789,4.46581717190516
"FOODS_3_371",0.913537765530182,0.108098725502661,1.22310510277671
"FOODS_3_372",2.37666448049786,0.0292008035314865,2.96587216755066
"FOODS_3_373",0.670376317954473,0.169502359025643,1.16040090383302
"FOODS_3_374",0.326070641816512,-0.116353666829619,0.467222486479826
"FOODS_3_375",0.355526624380095,-0.19275590562492,0.481976615601573
"FOODS_3_376",10.7200929015667,0.53346058288345,12.4974514502662
"FOODS_3_377",6.86724088206112,0.324312150948477,8.25360479423195
"FOODS_3_378",0.582943666334655,0.00198727093259449,0.688795585368121
"FOODS_3_379",0.348548238000139,-0.200730962284272,0.670041925216864
"FOODS_3_380",0.191358184225857,-0.0657148710039061,0.258553575238771
"FOODS_3_381",1.99199472126893,-0.0305201757456703,2.39975907516579
"FOODS_3_382",1.50842578690122,-0.169426016808656,1.81470808931412
"FOODS_3_383",1.16217619573916,0.0620118504252611,1.40213822002306
"FOODS_3_384",0.659893978826572,0.0218774154055163,0.774639616805155
"FOODS_3_385",0.602700243219155,0.391170612838949,0.718058013819931
"FOODS_3_386",0.503829217622268,0.0943649074824781,0.597839064164502
"FOODS_3_387",0.719415194447043,0.0545936770671948,0.77965339812922
"FOODS_3_388",0.619905725923647,-0.296563866385033,0.930328104638849
"FOODS_3_389",4.6498137283576,0.314637533498163,5.85169011254575
"FOODS_3_390",0.857131631707521,-0.312356811481436,1.14107375682958
"FOODS_3_391",0.446760001566343,0.226207754829779,0.545615044837548
"FOODS_3_392",1.1965186057012,0.0336200454489822,1.55417857589181
"FOODS_3_393",1.62037838540817,-0.347470860885309,2.06012116478844
"FOODS_3_394",0.43179990844786,-0.144507199775389,0.457925524065187
"FOODS_3_395",0.773717968855325,-0.177633517822609,0.901899313915692
"FOODS_3_396",0.307305331661239,-0.122698554525461,0.342618307083217
"FOODS_3_397",0.420940695714057,-0.0794303097670642,0.971116872517856
"FOODS_3_398",0.683304744299083,0.00325096190182298,0.96992873148742
"FOODS_3_399",2.16611534190209,-0.218897739030794,2.65871409121656
"FOODS_3_400",0.54931310684236,-0.278393529116459,0.603788601648976
"FOODS_3_401",0.588705898950372,0.344829636931425,0.736106018304273
"FOODS_3_402",0.251039320156127,-0.213627034099031,0.297564083393298
"FOODS_3_403",2.2765533878381,-0.278888716058326,2.88264965164106
"FOODS_3_404",11.4630275118247,0.130252518329497,11.6857784498404
"FOODS_3_405",1.03948904562833,0.0204094374172451,1.31202435152618
"FOODS_3_406",2.74227540963127,0.0445745785558184,3.89169598577622
"FOODS_3_407",1.30044606503315,-0.139394326935821,1.47058509831824
"FOODS_3_408",0.118960293190771,-0.072963322223097,0.258571532773084
"FOODS_3_409",0.554191669255565,0.0935271397599829,0.79556281725331
"FOODS_3_410",0.489132388206281,0.0914937479004655,0.560109342311213
"FOODS_3_411",1.03496167889382,-0.177212943749299,1.49850487564822
"FOODS_3_412",4.38861341400747,-0.26819572105979,5.21649293953479
"FOODS_3_413",1.98705901332043,0.266375164062671,2.26998134608077
"FOODS_3_414",0.623515098121108,0.145504255649301,0.923486606565289
"FOODS_3_415",1.01464885873984,0.0166735455309074,1.29377883863178
"FOODS_3_416",0.85699192129418,0.0822168251764115,1.11396855987567
"FOODS_3_417",0.675226529965858,0.0470082813750053,0.946162533073305
"FOODS_3_418",1.06706267253894,0.116296082050871,1.25211923023576
"FOODS_3_419",1.21280326824905,0.325621103675086,1.69429157419267
"FOODS_3_420",0.615922504691319,0.25119179600956,0.714358975403375
"FOODS_3_421",0.334624483812388,0.120780404898288,0.557853178313087
"FOODS_3_422",1.63104578657152,-0.413009533791513,2.08951811217697
"FOODS_3_423",1.29559432893236,-0.257319986587629,1.70236282038981
"FOODS_3_424",0.666486944301562,-0.235836815128411,0.822687808992136
"FOODS_3_425",0.474345902071044,0.103048607717304,0.635591727352515
"FOODS_3_426",0.522299279108621,-0.116772016542916,0.798253188179858
"FOODS_3_427",0.511482375896712,-0.104736836632834,0.653628227079146
"FOODS_3_428",0.734515260985524,-0.142269351741266,1.44484793411901
"FOODS_3_429",1.04122243520424,0.121474949448887,1.48897914371397
"FOODS_3_430",0.55953709631467,-0.0403570577333803,0.936741696008206
"FOODS_3_431",1.28024945798707,0.135062276138688,1.82765631152502
"FOODS_3_432",1.78549864545706,0.174407648902484,2.18700631880337
"FOODS_3_433",1.03286556322149,-0.117059965633744,1.27701272217583
"FOODS_3_434",0.717262001662426,-0.397809888775225,0.848945821719235
"FOODS_3_435",1.75827252688654,-0.190210074855007,3.0470179652587
"FOODS_3_436",0.323196457019109,-0.143826160301103,0.593070308653576
"FOODS_3_437",1.15383716413114,-0.183956206829496,1.42141706929524
"FOODS_3_438",1.46186386944705,-0.181034894473082,1.92174877756928
"FOODS_3_439",1.26365108210644,0.253715540005792,1.38523106011911
"FOODS_3_440",0.24062954758968,0.0219716969571631,0.265751335491465
"FOODS_3_441",1.77668414509524,-0.0173953564101219,2.10758479910155
"FOODS_3_442",0.520606922498482,-0.165644034278744,0.912946306701386
"FOODS_3_443",0.459483892119115,0.238532515154839,0.651347956747478
"FOODS_3_444",16.9165451395528,0.778653042430752,20.3603984351491
"FOODS_3_445",0.401832039589037,-0.155485070639907,0.49448952778154
"FOODS_3_446",1.66267873634371,0.467252220469982,1.97916417212296
"FOODS_3_447",0.592535667445484,0.374635421274774,0.81148446033972
"FOODS_3_448",1.35658051156012,0.222563051726814,1.92412149031435
"FOODS_3_449",1.81797353641318,-0.108205795596071,2.72832512435325
"FOODS_3_450",1.02285086874632,-0.0420840745218093,1.31048273258681
"FOODS_3_451",5.83578976638715,0.470989725113325,8.0597173774528
"FOODS_3_452",0.361622339590375,-0.0335170925957981,0.388195784024542
"FOODS_3_453",0.299405124930398,-0.0611626780994514,0.422818907430377
"FOODS_3_454",3.5743636777391,-0.0718824399106392,4.70453663624879
"FOODS_3_455",9.2102070614135,0.40996927130701,11.2114906089551
"FOODS_3_456",0.547630216761026,-0.0854899234843577,0.685337307969638
"FOODS_3_457",0.182248244309335,0.252509795425395,0.310999287859786
"FOODS_3_458",2.82836405798799,0.0472619664294375,3.6722481614519
"FOODS_3_459",1.87419419744085,-0.337873217486802,2.30546620471793
"FOODS_3_460",1.2639224712568,0.187359183503879,1.47169768766411
"FOODS_3_461",4.61361512656689,0.653403806328623,6.06119200736851
"FOODS_3_462",7.25125056910721,0.607383032651932,8.26845268171332
"FOODS_3_463",0.631073186839112,0.171155434797675,0.705728338286573
"FOODS_3_464",0.584003345637347,-0.053841878129374,0.718179439471358
"FOODS_3_465",0.511511258150389,0.062370412680467,0.605865959835998
"FOODS_3_466",0.164457278210237,0.165639230201256,0.164872880678792
"FOODS_3_467",0.583561321913109,0.26301410979627,0.654909134080635
"FOODS_3_468",1.5984381560114,-0.0813094468162031,2.24646960835153
"FOODS_3_469",1.63277752948557,-0.0778906053996933,2.04461212291966
"FOODS_3_470",0.467359473312135,0.117587186201405,0.468962245869331
"FOODS_3_471",0.531592174573344,-0.207150731049963,0.639160336957548
"FOODS_3_472",0.217234429785738,0.0135307778985233,0.484825684093389
"FOODS_3_473",1.99927443193723,-0.266593884748612,2.45236485996895
"FOODS_3_474",2.31280828378439,0.256156421065642,3.194658811967
"FOODS_3_475",1.19893797990007,-0.146827670243861,1.48100173659759
"FOODS_3_476",1.93437009040627,-0.0737527670112011,2.33166494790111
"FOODS_3_477",2.14271194329626,-0.0456116776276021,2.74455882557493
"FOODS_3_478",1.136129804115,-0.098310502391963,1.54212380702446
"FOODS_3_479",1.23874723501609,-0.153815740289299,1.4459116410285
"FOODS_3_480",0.768197092059113,-0.102637179132689,0.974169665812091
"FOODS_3_481",0.537361911779892,-0.103427668195683,0.625738403046852
"FOODS_3_482",0.793762116777244,0.0375096775063352,1.07446015758898
"FOODS_3_483",0.944202317674713,-0.0645958669112684,1.35522349246149
"FOODS_3_484",0.482259066025795,0.0383457071733208,0.544881209283466
"FOODS_3_485",1.19412448778977,-0.080767020981485,1.59727973257006
"FOODS_3_486",0.49846283299568,-0.193035165515403,0.654677370925733
"FOODS_3_487",1.37042126263329,0.144125221115297,1.76829563270813
"FOODS_3_488",1.52080413684773,-0.160497665707125,1.85106411524018
"FOODS_3_489",1.20259851989646,0.217795003646915,1.46341520588545
"FOODS_3_490",0.720760471390485,-0.166925562192661,0.984434406524573
"FOODS_3_491",3.31640798414783,0.169456317634208,4.48737477869202
"FOODS_3_492",0.669220177165967,-0.00330970162355367,0.84438431141606
"FOODS_3_493",0.282702190678214,-0.197175711641439,0.354898411186526
"FOODS_3_494",0.435370706580565,0.156110799949737,0.569190109900822
"FOODS_3_495",1.38926424581874,0.257035543057186,1.7969690092515
"FOODS_3_496",1.23657241570918,-0.391324314918194,1.6007987894189
"FOODS_3_497",1.0067227343156,0.0898367609412332,1.29009505745531
"FOODS_3_498",4.45467117800007,-0.0392940724726164,7.05307711647407
"FOODS_3_499",3.60903860943014,0.0742668050112242,4.44335413611812
"FOODS_3_500",0.282098699334465,-0.351842435257757,0.420495182579915
"FOODS_3_501",3.0451462903065,0.138091602676336,3.92507414108272
"FOODS_3_502",0.988769716852409,-0.151302321419618,1.31350424049035
"FOODS_3_503",2.28458800502142,0.293977725551761,3.00140081331051
"FOODS_3_504",1.33279280929003,-0.098871666059145,1.89709517351399
"FOODS_3_505",1.04960019106876,-0.206448493132148,1.18706544673992
"FOODS_3_506",0.443519970427092,-0.0829523596539358,0.555218367945924
"FOODS_3_507",0.226502108325288,0.0314323921997131,0.401911152547028
"FOODS_3_508",0.959336160970481,-0.148715538699898,1.10396921919473
"FOODS_3_509",0.430467619943962,-0.292900505506633,0.454328221445115
"FOODS_3_510",0.556412373229753,-0.29403652917957,0.81162798203744
"FOODS_3_511",6.14862693103163,-0.160668616755807,6.7287315922428
"FOODS_3_512",0.0751061102666223,-0.0395420320247123,0.184953793902342
"FOODS_3_513",0.993629781513821,0.272781753509404,1.32076378611739
"FOODS_3_514",1.58483451122459,0.297866398655922,2.2158153482384
"FOODS_3_515",1.09939322945318,-0.0677197006481892,1.32276224800258
"FOODS_3_516",2.46254361959328,0.250337193193803,3.10069773012177
"FOODS_3_517",0.182230720460639,-0.119640316862778,0.309290567022594
"FOODS_3_518",0.266678813658857,-0.199611948934846,0.505620519781687
"FOODS_3_519",2.13007437181111,-0.0705709934197832,3.43273296415684
"FOODS_3_520",1.18084422474399,-0.139467084266124,1.45251517313466
"FOODS_3_521",0.374576184177057,-0.13509041080996,0.538793356274662
"FOODS_3_522",0.309861756201329,0.246928796908035,0.627805635076138
"FOODS_3_523",1.33415136307086,-0.0528819613048283,1.80875361748447
"FOODS_3_524",4.0085032898194,0.284870808815498,4.16415307724395
"FOODS_3_525",3.41832413569774,0.126903157761882,3.92385628328789
"FOODS_3_526",3.0855937226883,0.0836031731227849,3.48716039603048
"FOODS_3_527",0.458981807837268,0.386195953286093,0.726072569284451
"FOODS_3_528",0.663363021857771,-0.184006933515103,0.885814316093789
"FOODS_3_529",0.718798632961822,-0.116578961331334,0.991984610447197
"FOODS_3_530",2.73740233377024,0.425732043371739,3.45688922283244
"FOODS_3_531",0.652471323790086,-0.0706300094580278,0.791880023786637
"FOODS_3_532",0.912087430993147,-0.0255594350931898,1.12268012615831
"FOODS_3_533",1.00037130140835,0.0569963334082627,1.21514060938251
"FOODS_3_534",0.85069366346915,-0.0710415641097547,1.20911481344099
"FOODS_3_535",0.645451141879892,-0.315414358474507,0.768394817905131
"FOODS_3_536",0.556578690863898,-0.136376956759469,0.614838857716726
"FOODS_3_537",0.926660288747524,-0.309960474977899,1.16924874294743
"FOODS_3_538",1.07236131912148,0.147692575598402,1.41327801686931
"FOODS_3_539",0.500316179506224,0.220038939286854,0.863288046260271
"FOODS_3_540",2.30395820382267,0.457115984141282,2.9770767922179
"FOODS_3_541",5.05855557863994,0.496679581988583,5.4240665922462
"FOODS_3_542",0.115382389578036,0.492463405882433,0.11547130395282
"FOODS_3_543",0.31145600392282,-0.101938177051776,0.351547466548847
"FOODS_3_544",0.593328905029019,-0.337281801816688,0.814408987362888
"FOODS_3_545",1.09560152317567,-0.407468088456714,1.37918879130941
"FOODS_3_546",2.11319952206992,-0.113646978763592,2.60340941969404
"FOODS_3_547",8.03143325414113,-0.0871312665881623,9.44333013304179
"FOODS_3_548",0.493305517789692,-0.120394098034585,0.716001342909975
"FOODS_3_549",0.391262756386394,0.0410098041906544,0.554286386671397
"FOODS_3_550",0.208224310645794,-0.0825489801486985,0.274368164619364
"FOODS_3_551",1.80505199523225,-0.0824074215146266,2.57545117736074
"FOODS_3_552",0.990148444784883,-0.129227321910405,1.25548150670166
"FOODS_3_553",0.630425805341263,-0.219625805431786,0.782200201516604
"FOODS_3_554",0.27607085170034,0.25248128617943,0.38751317325786
"FOODS_3_555",11.9152332423137,0.333841373415868,16.8258050733197
"FOODS_3_556",0.22746678926572,-0.117430820574746,0.3138555129329
"FOODS_3_557",2.9918387955779,0.00196175418950672,3.68684006752171
"FOODS_3_558",0.333612835042401,0.17638842838427,0.470808246421314
"FOODS_3_559",0.88702196389213,0.275470002385691,1.23267940004992
"FOODS_3_560",1.44126685287367,0.0150587271089189,1.86146946664768
"FOODS_3_561",1.63534184413899,-0.048065462672968,1.96452341011027
"FOODS_3_562",1.83138879406428,-0.425154726913009,2.37331533826574
"FOODS_3_563",0.230636861131154,0.0994490670474118,0.2315185627985
"FOODS_3_564",0.564450856052009,-0.162207285534719,0.719983621605162
"FOODS_3_565",1.51381092221921,-0.300500069176366,1.95722087352772
"FOODS_3_566",1.81761697646195,-0.0948328544453454,4.45266079208689
"FOODS_3_567",0.359817037592797,0.0188446551163613,0.580828428891269
"FOODS_3_568",1.41210181729612,-0.242948887822899,1.8978025881902
"FOODS_3_569",0.990475842353108,-0.288337084568952,1.28301168762381
"FOODS_3_570",2.90552251511682,0.0057705984392819,3.37994302489926
"FOODS_3_571",0.770972885891029,-0.0632842355994727,1.06109255702607
"FOODS_3_572",3.23243410368377,-0.0221312216016158,4.38289198924816
"FOODS_3_573",0.997939714259245,0.0243658930630969,1.48172031330706
"FOODS_3_574",2.99369492637981,-0.0667029581004125,3.56642066929588
"FOODS_3_575",0.690697922669782,-0.231218409354793,0.863250699941434
"FOODS_3_576",0.538250866496153,0.20837100783486,0.641592085262237
"FOODS_3_577",0.655862594393229,0.0580520703352314,0.868189885255115
"FOODS_3_578",2.35462067553904,-0.156995340044467,2.88286851428428
"FOODS_3_579",0.544312228330092,0.0670826579050598,0.756760132190189
"FOODS_3_580",5.16732717829125,-0.181881363027936,6.99754857067469
"FOODS_3_581",0.502514258550387,0.0704848553712147,0.63749405106296
"FOODS_3_582",0.863756247607616,-0.109542881903233,1.6441887178637
"FOODS_3_583",0.76966402960081,-0.308516395768793,0.949711359535424
"FOODS_3_584",0.977381919284172,-0.0915735773092025,1.22983494586382
"FOODS_3_585",1.74242772065292,-0.236034796420841,2.48503269890155
"FOODS_3_586",14.4234034722195,0.0405918027595729,17.9067686035109
"FOODS_3_587",14.1959140754011,0.615890198649799,16.5745768876113
"FOODS_3_588",0.808305498001909,0.186042965920861,0.980032559817063
"FOODS_3_589",1.32441190175856,0.0244515589750085,1.84772135649441
"FOODS_3_590",1.387132970644,0.181929169806683,1.93809999090177
"FOODS_3_591",0.649509862474437,0.141227799482276,0.711086211094594
"FOODS_3_592",0.835575922208988,0.0492788177323931,1.02671708910697
"FOODS_3_593",0.889781383509415,-0.17895396564013,1.05536038678548
"FOODS_3_594",1.82753839434863,0.176334895158279,2.0033410466952
"FOODS_3_595",0.767360833333531,0.108171264742481,0.961693939713864
"FOODS_3_596",1.2701518169926,-0.0825088791753096,2.13873372571532
"FOODS_3_597",0.189867120718547,-0.108054410759588,0.381041515849932
"FOODS_3_598",3.07362189161313,-0.0307577312478926,3.68035045476568
"FOODS_3_599",0.369631136844231,0.0819618615011584,0.374591853416816
"FOODS_3_600",0.522769277522252,-0.0172615838598052,0.708947036679538
"FOODS_3_601",0.133378377944901,-0.0532150898400411,0.26894141828352
"FOODS_3_602",1.21498138923572,-0.179339866301513,1.71694530293705
"FOODS_3_603",1.07712478259214,-0.394399898871049,1.5138243647022
"FOODS_3_604",1.00084859356731,0.0692022578734067,1.30518053457256
"FOODS_3_605",0.967616475006888,-0.00871353298104172,1.3510209288246
"FOODS_3_606",0.815962736719207,-0.122706496743015,1.00109796164762
"FOODS_3_607",5.9638296951338,0.430058783955357,7.33163030957212
"FOODS_3_608",0.767648986717265,-0.129231917136871,0.966373261085002
"FOODS_3_609",1.71180250102264,0.157675175211308,2.27780321367953
"FOODS_3_610",0.803205894822122,-0.121958908120083,0.937049713282251
"FOODS_3_611",1.44367984829706,0.00995107722491958,1.71227920075702
"FOODS_3_612",0.479579433065991,-0.300750187949903,0.550903321970741
"FOODS_3_613",0.177086037061285,-0.183028592833879,0.265517238808765
"FOODS_3_614",1.09695495695332,0.219928192984587,1.1212381006773
"FOODS_3_615",0.65918933410559,0.0113575031371153,0.788568889636863
"FOODS_3_616",1.80914630891708,0.10026205341891,2.506569842144
"FOODS_3_617",1.27400186911824,-0.270954766569695,1.50782711011545
"FOODS_3_618",2.19286613170199,0.396867998481188,2.96462600316107
"FOODS_3_619",0.118682652950601,-0.0670616493017197,0.237212892296112
"FOODS_3_620",1.18541444685358,-0.128571690988761,2.37926091500116
"FOODS_3_621",0.9951950717376,0.0563405502607838,1.47387911138323
"FOODS_3_622",0.538084589084073,-0.254929245462733,0.748029330775393
"FOODS_3_623",0.19910996334664,-0.13599001545657,0.307214636995412
"FOODS_3_624",0.914718360728734,-0.112693037446199,1.16855073468021
"FOODS_3_625",0.124409129246142,-0.0274822259679278,0.195428719700799
"FOODS_3_626",0.218277344798824,0.0240282631204635,0.402907368644082
"FOODS_3_627",0.727165591062259,-0.163051916978133,1.15078310627066
"FOODS_3_628",2.36760099527527,-0.0365278575366999,4.83552807592978
"FOODS_3_629",0.567143665364614,-0.159389615278547,0.719998939013217
"FOODS_3_630",0.241239582935612,-0.118399730345886,0.31560246038735
"FOODS_3_631",0.606302522498438,-0.177505702024054,0.978326588422721
"FOODS_3_632",0.764797887750547,0.162547191917485,0.878716518347651
"FOODS_3_633",0.250546410570515,-0.0158241757290156,0.510933361530663
"FOODS_3_634",1.41818469543519,-0.239985234790889,2.04509667107451
"FOODS_3_635",3.44094450511304,0.287444473476772,3.57297784744986
"FOODS_3_636",1.45741447255363,-0.111661813967066,1.62911483726535
"FOODS_3_637",0.232658988711539,-0.052944902394783,0.291814890149734
"FOODS_3_638",0.789392227934121,-0.041812397344382,0.986951323416668
"FOODS_3_639",1.42131130133571,-0.0833004780831763,1.48383314591283
"FOODS_3_640",0.55797795549493,-0.186368456208108,0.660898780762786
"FOODS_3_641",0.613228387136193,-0.120759829316024,0.794675785240951
"FOODS_3_642",0.703797717262742,-0.140910125260566,0.870736209907374
"FOODS_3_643",0.687799833185616,0.0643023386864936,0.827483566577447
"FOODS_3_644",0.926381247594135,0.622182761069284,0.949151295025987
"FOODS_3_645",1.25030204945048,0.326316426063456,1.55438245375814
"FOODS_3_646",1.36830402154727,0.0229813187291307,1.8921111438328
"FOODS_3_647",1.070454201562,-0.054506676932401,2.03683983900689
"FOODS_3_648",1.11352778437028,-0.0382336116377826,1.51462433493394
"FOODS_3_649",0.387106647190378,-0.248178436825102,0.533818083029135
"FOODS_3_650",0.973955144367407,-0.0680885615197238,1.27102540377369
"FOODS_3_651",1.02044476086892,0.247654832956852,1.7203269096568
"FOODS_3_652",3.01383063459644,-0.235345116800277,4.89761913123788
"FOODS_3_653",0.912316856319057,-0.0708131793581447,1.18284181868343
"FOODS_3_654",4.64929719503998,0.289096219743202,6.63630821362301
"FOODS_3_655",1.23431791144582,-0.148124706524428,1.74051309264492
"FOODS_3_656",0.659104726927677,0.0409702923867074,0.836014760210623
"FOODS_3_657",2.38136145915169,0.131737087903288,2.70510549966306
"FOODS_3_658",0.316854077192322,-0.0187816477817456,0.409094508860719
"FOODS_3_659",0.992034552749614,-0.118941998106959,1.45227269044704
"FOODS_3_660",6.81667966775752,0.52855726396804,7.79896769749962
"FOODS_3_661",1.90927257096337,0.359876017957445,2.21591716073333
"FOODS_3_662",1.23719177198307,-0.208217674116715,1.58606582337286
"FOODS_3_663",0.833494777950163,0.145300841436629,1.17284458083371
"FOODS_3_664",1.87610500216244,0.295296679445044,2.44593675428877
"FOODS_3_665",1.17745329479636,0.200155571189754,1.95835523239018
"FOODS_3_666",0.684505115031822,0.00678657187793087,1.04098272723272
"FOODS_3_667",0.526443042368874,-0.220590714952248,0.735950493682043
"FOODS_3_668",1.83947209148786,-0.0360080469851462,2.26111273507554
"FOODS_3_669",1.69656078365199,0.0375657756917149,2.17226139240259
"FOODS_3_670",0.237911793255241,-0.128717308434343,0.439143783625268
"FOODS_3_671",1.9857613378259,-0.0118030826617305,4.35304114853798
"FOODS_3_672",4.88175503608278,0.433391987017307,5.49907479575063
"FOODS_3_673",0.713877495245019,-0.0571319142997841,0.91064421611919
"FOODS_3_674",1.24089682684897,0.0252455299432023,1.40196522723195
"FOODS_3_675",1.38624612840847,0.0790306770326157,1.7102778809227
"FOODS_3_676",0.432304265715146,-0.23353132519009,0.582566935605085
"FOODS_3_677",0.708392502913672,-0.0986721666929482,0.871904650836424
"FOODS_3_678",2.73653914754827,0.190142168641133,2.96899212340193
"FOODS_3_679",1.43216173198261,-0.0439631677039121,1.94773072049754
"FOODS_3_680",0.268646548888566,-0.107881935570472,0.443178971731596
"FOODS_3_681",6.73284011477598,-0.0543055894181409,8.38487862397443
"FOODS_3_682",3.10884587923736,-0.0527734769247941,3.91744714049071
"FOODS_3_683",1.38366619088636,-0.172357650594788,1.83881550062182
"FOODS_3_684",1.04072160114756,0.511403486987985,1.20807460252072
"FOODS_3_685",1.15580053674112,-0.326828380600553,1.56494886413751
"FOODS_3_686",0.164828619946313,-0.102000405066875,0.262782209265517
"FOODS_3_687",0.725283452024746,0.227118895939377,0.838702972705822
"FOODS_3_688",4.46786972314245,0.648386152301394,6.50697565725666
"FOODS_3_689",0.68911636582995,-0.0966479488813843,0.799195849810338
"FOODS_3_690",0.426702917737425,-0.159142211413465,0.732266317375869
"FOODS_3_691",0.396418428036971,0.046626926740146,0.768123427076566
"FOODS_3_692",1.17381028550415,0.195452330669206,1.53481109196181
"FOODS_3_693",0.129891054975083,-0.126538546757825,0.319281991909612
"FOODS_3_694",5.77495685827509,0.233808863072558,7.01101336353785
"FOODS_3_695",2.70861773294655,0.0140527055717415,3.32602946006863
"FOODS_3_696",0.417553772566362,-0.0920704654345463,0.86002855678519
"FOODS_3_697",2.24930422432072,-0.175759845719476,2.91571678180793
"FOODS_3_698",1.67398805208838,0.156750378021196,2.11750660266611
"FOODS_3_700",1.1226427207865,0.000994973733731629,1.51125736320366
"FOODS_3_701",0.720287889956751,0.15581695899577,0.903792043709441
"FOODS_3_702",5.97031846835248,0.551855431161859,7.78711795816542
"FOODS_3_703",0.774354391249138,-0.168691160878089,1.02617347947758
"FOODS_3_704",2.19904013050421,-0.173540675930968,2.53593823603558
"FOODS_3_705",0.576383621221942,0.112710379149382,0.63021503445862
"FOODS_3_706",1.55274263504354,0.323022233718231,1.92181373222492
"FOODS_3_707",1.03874414906364,0.373241851110389,1.32704071659089
"FOODS_3_708",0.817990473164715,0.150477049872151,1.22047481414325
"FOODS_3_709",0.565114384696404,-0.0639659772377066,0.970349719276082
"FOODS_3_710",0.342496417484238,-0.266162841213169,0.46032879204637
"FOODS_3_711",5.01731222403704,-0.281039496632939,6.23766352318132
"FOODS_3_712",0.580520632427607,0.142346326538146,0.72620415214599
"FOODS_3_713",0.136447439658596,-0.0730976356294782,0.258808425943414
"FOODS_3_714",7.31962616934616,0.32139170950007,9.23913813463292
"FOODS_3_715",1.47012812448177,-0.0698066177015128,2.17364336443593
"FOODS_3_716",0.962438756359397,-0.00397162216608974,1.27472057850574
"FOODS_3_717",0.879027194337668,-0.131712241280457,1.22863385289963
"FOODS_3_718",0.336645066156444,-0.0815223724651317,0.981108939274445
"FOODS_3_719",1.08862474416045,0.140095826281444,1.51911765640748
"FOODS_3_720",0.326143060832269,-0.0731785027530921,0.409031167058674
"FOODS_3_721",0.480159152516875,-0.046498464387963,0.483723825249092
"FOODS_3_722",0.448874269236753,-0.176557359858955,0.8682696982961
"FOODS_3_723",9.29440040270426,0.318223378185235,12.1864841544393
"FOODS_3_724",0.539616207656461,-0.170663912578473,0.721161039561486
"FOODS_3_725",0.790022331406906,-0.239496235841078,1.06877168588543
"FOODS_3_726",0.853273879573685,0.046408638087587,1.15222443575065
"FOODS_3_727",1.54597859097413,0.189473684566139,1.85707743118347
"FOODS_3_729",1.5229995509968,0.0256048356355547,1.95786875531825
"FOODS_3_730",0.795745656630716,-0.120766069765407,0.961120930273332
"FOODS_3_731",0.925078042185866,-0.199859306024661,1.18771747250779
"FOODS_3_732",1.3629349011632,0.169196532271838,1.83838802152676
"FOODS_3_733",0.685534925755038,0.366857831771719,0.825269230556159
"FOODS_3_734",2.27633119034867,0.29829463713921,2.65755259106323
"FOODS_3_735",0.527474058494056,0.0857288738947905,0.775169946974235
"FOODS_3_736",0.147934328736839,-0.151181150509367,0.150476868260219
"FOODS_3_737",0.214064005131505,0.274342061368636,0.408932788579427
"FOODS_3_738",2.1554233276456,-0.0108152615984403,2.6553048810754
"FOODS_3_739",1.7077720550029,0.085998253769069,2.20442472141389
"FOODS_3_741",3.19670222333376,0.129941221617386,4.41796258026619
"FOODS_3_742",0.837591190759582,-0.173810642077071,1.17041828614114
"FOODS_3_743",0.715094219536204,0.0321447822442441,0.863777281456255
"FOODS_3_744",3.17592751139324,-0.0371442044017816,4.01408992587237
"FOODS_3_745",0.119344763198287,0.091911863653928,0.124929478929365
"FOODS_3_746",1.15774833466531,-0.148418822566763,1.34174647106306
"FOODS_3_747",0.938146475484587,0.0268825335050584,1.04194605297969
"FOODS_3_748",0.690037462278466,-0.213680352296309,0.75973160483477
"FOODS_3_749",0.815307544078302,0.0452585750794681,1.0567286877087
"FOODS_3_750",1.74211581280305,0.00254701216955532,2.37170710886114
"FOODS_3_751",1.04421522434416,-0.117328569103248,1.54049422563476
"FOODS_3_752",5.54629395373909,-0.132704737185581,7.5760440571031
"FOODS_3_753",1.3345984861809,0.228616774882873,1.88512840394512
"FOODS_3_754",0.462959029957484,0.192705692218671,0.790571226630921
"FOODS_3_755",1.6394920269398,-0.0951238869037221,2.14725570391289
"FOODS_3_756",3.25163480021516,0.0437431642885481,3.87910082125365
"FOODS_3_757",3.20099781387447,-0.357925063004012,4.31042413699271
"FOODS_3_758",0.0986783257434799,0.422533596652542,0.0990402217463112
"FOODS_3_759",0.868329979320013,-0.0425805395373838,1.13970665003362
"FOODS_3_760",1.46305913749837,0.116918537290626,1.80000904122568
"FOODS_3_761",0.56219125269315,-0.376878741375203,0.641582671251627
"FOODS_3_762",0.515149724296069,0.106047988371569,0.65682525130716
"FOODS_3_763",0.27835042309803,-0.25965056067962,0.38148562097222
"FOODS_3_764",2.06530955536002,0.24367428979309,2.79059809136383
"FOODS_3_765",1.01094545078734,0.497158367099214,1.29579707788895
"FOODS_3_766",0.428755914200144,-0.268148641621455,0.516758236890288
"FOODS_3_767",2.89364188390815,0.371454076644316,2.99978419723691
"FOODS_3_768",0.650723742267398,0.048135201458104,0.892388828642575
"FOODS_3_769",1.81042405736802,0.000768583588551453,2.23567412884139
"FOODS_3_770",0.559325218292633,0.13664569906306,0.606966830804095
"FOODS_3_771",0.349073003506394,0.527546738899528,0.474002066741343
"FOODS_3_772",2.75948493150795,0.154450710702412,3.74375398172697
"FOODS_3_773",0.672754906172972,0.0472821238031906,0.978657843691976
"FOODS_3_774",0.71578581696786,-0.0271471723419462,0.886883787852023
"FOODS_3_775",0.260034991420508,-0.166234276305758,0.351602145921929
"FOODS_3_776",0.937167442391771,-0.313934982787645,1.17557984308754
"FOODS_3_777",0.809759803084846,0.0948517043807763,1.58212430380707
"FOODS_3_778",0.615401036773556,-0.0873955686800476,1.70362514477392
"FOODS_3_779",0.250607051224747,-0.143621628226711,0.394097721744681
"FOODS_3_780",0.680981417706538,-0.19671935997039,1.03160713094532
"FOODS_3_781",0.571921321880232,-0.0612382717372479,0.611207154540298
"FOODS_3_782",5.03784960940967,0.361766940818734,6.03974677694816
"FOODS_3_783",2.16820207292383,0.270082941588165,3.23503798594168
"FOODS_3_784",0.430817050967273,-0.07967552904273,0.791559663394475
"FOODS_3_785",11.2192970008397,-0.0216675021694566,12.4944235271622
"FOODS_3_786",0.670590621458254,-0.0652299985459523,0.799991740424263
"FOODS_3_787",2.918487150854,-0.0483863360694566,4.12779148186686
"FOODS_3_788",0.850004540749304,-0.190081631033411,1.12695162177735
"FOODS_3_789",2.09295075008171,0.200263277134896,2.58240723044179
"FOODS_3_790",0.387385165120273,0.349441568272209,0.566749364360387
"FOODS_3_791",1.44493425628623,-0.247529698673781,1.97135451909248
"FOODS_3_792",1.41022832557003,0.0755392883586112,1.66052367340361
"FOODS_3_793",0.603521670183035,0.22253874934754,0.673944316328142
"FOODS_3_794",0.760897672198272,-0.0169690377878553,0.951187181561384
"FOODS_3_795",1.49649473068752,-0.143836566851165,1.78539132236294
"FOODS_3_796",0.257224588480975,-0.0689991696666856,0.432645611876212
"FOODS_3_797",0.92455795681224,-0.279961935968908,1.08621561737566
"FOODS_3_798",0.18910767304377,-0.17384805195862,0.357061329531408
"FOODS_3_799",0.130141834259466,-0.0200290011673901,0.20702931543761
"FOODS_3_800",3.82172195958402,-0.0673212270587285,5.12137802614207
"FOODS_3_801",5.62503433280365,0.648445804578403,7.61691708571975
"FOODS_3_802",0.448121497616136,-0.0731039662056187,0.619524274601922
"FOODS_3_803",0.653897121097264,-0.205011012597235,0.815530339783799
"FOODS_3_804",11.6470492346352,-0.253353700900749,16.6437172144213
"FOODS_3_805",1.368189259953,-0.049175716702845,1.90885730687327
"FOODS_3_806",0.486964049327825,-0.262787251558719,0.655590015548516
"FOODS_3_807",2.61973742397338,0.388714698335404,3.29984771981028
"FOODS_3_808",3.21688011515668,0.542834231038637,3.53208054254365
"FOODS_3_809",6.90638257497718,0.735418422573355,9.29266436385003
"FOODS_3_810",0.421127580562565,-0.154470716488247,0.563212762951502
"FOODS_3_811",7.33749941500169,0.158959019411878,10.6699532118206
"FOODS_3_812",0.87527415179897,-0.0325947507723082,1.18201089058336
"FOODS_3_813",2.69304303635753,-0.286324361773759,4.70966014123385
"FOODS_3_814",1.42723801785059,0.179406558253442,2.01030258448687
"FOODS_3_815",0.381054008997227,-0.0374198781046428,0.600023983385593
"FOODS_3_816",2.96107331441651,-0.150506480099462,3.53095523825821
"FOODS_3_817",0.322454130698565,0.13986009553992,0.36858640583191
"FOODS_3_818",1.1449931670568,0.0257618119124771,1.48847583099096
"FOODS_3_819",1.06412993067684,0.228299215692069,1.25153896822936
"FOODS_3_820",1.47889402753432,0.0920775978692348,1.77833554247449
"FOODS_3_821",0.7338905067744,-0.106290578445031,0.897834876917367
"FOODS_3_822",1.41197957041859,-0.0592838216037542,1.71306400100285
"FOODS_3_823",0.423787290547781,-0.178961071030266,0.503706440885297
"FOODS_3_824",0.426991703937393,-0.0957477679922837,0.679014633396967
"FOODS_3_825",1.05220849322258,-0.122711157590317,1.39425034731633
"FOODS_3_826",1.41984093324614,-0.182787893072039,1.98745068467302
"FOODS_3_827",1.58787083756454,-0.116136358076646,2.47529011926156
